<?xml version='1.0' encoding='UTF-8'?>
<system creation-date="2021-01-17 09:15:32.814000" desc="" enable="False" id="EA3A24D0-7B1F-4F0F-A0B2-ACD2A0779A36" last-modified-date="" name="System1"><applications><application name="RobotWare" version="6.08.0134"><settings><system-xml path="D:\_facultate\_an4\_sem1\scf\RobotStudio\proiect4\Systems\System1\system.xml" /><key-id path="D:\_facultate\_an4\_sem1\scf\RobotStudio\proiect4\Systems\System1\INTERNAL\key.id" /><setting-file path="D:\_facultate\_an4\_sem1\scf\RobotStudio\proiect4\Systems\System1\INTERNAL\controller.rsf" /></settings></application></applications></system>